{
  "project_info": {
    "project_number": "1031087417071",
    "firebase_url": "https://helperapp-32c27.firebaseio.com",
    "project_id": "helperapp-32c27",
    "storage_bucket": "helperapp-32c27.appspot.com"
  },
  "client": [
    {
      "client_info": {
        "mobilesdk_app_id": "1:1031087417071:android:b72aaa8f21fcf3f55b1d1a",
        "android_client_info": {
          "package_name": "com.iit_helperapp"
        }
      },
      "oauth_client": [
        {
          "client_id": "1031087417071-lcrsp5sl1nkd2h6voisc384i0ekfqqu2.apps.googleusercontent.com",
          "client_type": 3
        }
      ],
      "api_key": [
        {
          "current_key": "AIzaSyDOzaYgquTQo17xoP9Hu3-_lVZO-vjjGY4"
        }
      ],
      "services": {
        "appinvite_service": {
          "other_platform_oauth_client": [
            {
              "client_id": "1031087417071-lcrsp5sl1nkd2h6voisc384i0ekfqqu2.apps.googleusercontent.com",
              "client_type": 3
            }
          ]
        }
      }
    }
  ],
  "configuration_version": "1"
}